target,label,layer,depth_heads,depth_decoder,r2,sigma_nmad,n_train,n_test
z_true,z (redshift),x,0.0,0.0,0.2627061894700472,0.20180768424954154,50000,17278
z_true,z (redshift),h0,0.14285714285714285,0.125,0.3713813596281127,0.1718276745662069,50000,17278
z_true,z (redshift),h1_mid,0.2857142857142857,0.25,0.49788713767830084,0.10533758539697739,50000,17278
z_true,z (redshift),h1,0.42857142857142855,0.375,0.5192509439423402,0.09474550730537523,50000,17278
z_true,z (redshift),h2_mid,0.5714285714285714,0.5,0.5388121196444478,0.07719011533508825,50000,17278
z_true,z (redshift),h2,0.7142857142857143,0.625,0.5512940590676625,0.07395887776945392,50000,17278
z_true,z (redshift),z_head_hidden,0.8571428571428571,0.75,0.54877002753834,0.0791265308609098,50000,17278
z_true,z (redshift),z_out,1.0,,0.4806422837614436,0.11767106857830625,50000,17278
z_true,z (redshift),mu_15,1.0,0.75,0.5113538176667425,0.07723576934735038,50000,17278
z_true,z (redshift),log_spec,,0.875,0.5428351880824398,0.06119553254926638,50000,17278
z_true,z (redshift),m_ab_recon,,1.0,0.3679034251639466,0.17309537017924462,50000,17278
log_sigma_z,log σ_z (model uncertainty),x,0.0,0.0,0.41376296268937107,,50000,17278
log_sigma_z,log σ_z (model uncertainty),h0,0.14285714285714285,0.125,0.4874450676041674,,50000,17278
log_sigma_z,log σ_z (model uncertainty),h1_mid,0.2857142857142857,0.25,0.7289120007041865,,50000,17278
log_sigma_z,log σ_z (model uncertainty),h1,0.42857142857142855,0.375,0.8092511139848115,,50000,17278
log_sigma_z,log σ_z (model uncertainty),h2_mid,0.5714285714285714,0.5,0.8963788852708507,,50000,17278
log_sigma_z,log σ_z (model uncertainty),h2,0.7142857142857143,0.625,0.951228755420243,,50000,17278
log_sigma_z,log σ_z (model uncertainty),z_head_hidden,0.8571428571428571,0.75,0.9979939032616798,,50000,17278
log_sigma_z,log σ_z (model uncertainty),z_out,1.0,,0.9999999999999973,,50000,17278
log_sigma_z,log σ_z (model uncertainty),mu_15,1.0,0.75,0.7127955566447763,,50000,17278
log_sigma_z,log σ_z (model uncertainty),log_spec,,0.875,0.8321418403784896,,50000,17278
log_sigma_z,log σ_z (model uncertainty),m_ab_recon,,1.0,0.5297003104771938,,50000,17278
i_ref,i magnitude,x,0.0,0.0,0.9998594685781628,,49945,17278
i_ref,i magnitude,h0,0.14285714285714285,0.125,0.9963457372601654,,49945,17278
i_ref,i magnitude,h1_mid,0.2857142857142857,0.25,0.9955438937024711,,49945,17278
i_ref,i magnitude,h1,0.42857142857142855,0.375,0.986867442730112,,49945,17278
i_ref,i magnitude,h2_mid,0.5714285714285714,0.5,0.976985414826865,,49945,17278
i_ref,i magnitude,h2,0.7142857142857143,0.625,0.974389692777491,,49945,17278
i_ref,i magnitude,z_head_hidden,0.8571428571428571,0.75,0.6614635707792411,,49945,17278
i_ref,i magnitude,z_out,1.0,,0.36801407930083363,,49945,17278
i_ref,i magnitude,mu_15,1.0,0.75,0.766403676704006,,49945,17278
i_ref,i magnitude,log_spec,,0.875,0.8358321011314475,,49945,17278
i_ref,i magnitude,m_ab_recon,,1.0,0.45555136199091306,,49945,17278
g_minus_r,g−r color,x,0.0,0.0,0.9921799837471595,,45925,17278
g_minus_r,g−r color,h0,0.14285714285714285,0.125,0.99032593010794,,45925,17278
g_minus_r,g−r color,h1_mid,0.2857142857142857,0.25,0.9916685957936738,,45925,17278
g_minus_r,g−r color,h1,0.42857142857142855,0.375,0.9770800539290196,,45925,17278
g_minus_r,g−r color,h2_mid,0.5714285714285714,0.5,0.9264628270019041,,45925,17278
g_minus_r,g−r color,h2,0.7142857142857143,0.625,0.9744900492940873,,45925,17278
g_minus_r,g−r color,z_head_hidden,0.8571428571428571,0.75,0.4683413336585158,,45925,17278
g_minus_r,g−r color,z_out,1.0,,-0.015103794842320717,,45925,17278
g_minus_r,g−r color,mu_15,1.0,0.75,0.6067933487817485,,45925,17278
g_minus_r,g−r color,log_spec,,0.875,0.6048812630415743,,45925,17278
g_minus_r,g−r color,m_ab_recon,,1.0,0.2866470323516419,,45925,17278
sps:logmass,logmass,x,0.0,0.0,0.29012219592455235,,50000,17278
sps:logmass,logmass,h0,0.14285714285714285,0.125,0.5537440341364072,,50000,17278
sps:logmass,logmass,h1_mid,0.2857142857142857,0.25,0.8018408063998224,,50000,17278
sps:logmass,logmass,h1,0.42857142857142855,0.375,0.8286992849052975,,50000,17278
sps:logmass,logmass,h2_mid,0.5714285714285714,0.5,0.9145868962911893,,50000,17278
sps:logmass,logmass,h2,0.7142857142857143,0.625,0.9572401959241447,,50000,17278
sps:logmass,logmass,z_head_hidden,0.8571428571428571,0.75,0.9484902712732206,,50000,17278
sps:logmass,logmass,z_out,1.0,,0.9356234132270549,,50000,17278
sps:logmass,logmass,mu_15,1.0,0.75,0.9992137143873172,,50000,17278
sps:logmass,logmass,log_spec,,0.875,0.9745677374984536,,50000,17278
sps:logmass,logmass,m_ab_recon,,1.0,0.6566854986468513,,50000,17278
sps:logzsol,logzsol,x,0.0,0.0,0.520562129574605,,50000,17278
sps:logzsol,logzsol,h0,0.14285714285714285,0.125,0.7216789161539909,,50000,17278
sps:logzsol,logzsol,h1_mid,0.2857142857142857,0.25,0.830011147834878,,50000,17278
sps:logzsol,logzsol,h1,0.42857142857142855,0.375,0.8777778059587039,,50000,17278
sps:logzsol,logzsol,h2_mid,0.5714285714285714,0.5,0.9198984076104177,,50000,17278
sps:logzsol,logzsol,h2,0.7142857142857143,0.625,0.9683701005964387,,50000,17278
sps:logzsol,logzsol,z_head_hidden,0.8571428571428571,0.75,0.7097527970942421,,50000,17278
sps:logzsol,logzsol,z_out,1.0,,0.16180826102559098,,50000,17278
sps:logzsol,logzsol,mu_15,1.0,0.75,0.9986350073928937,,50000,17278
sps:logzsol,logzsol,log_spec,,0.875,0.9973865955763608,,50000,17278
sps:logzsol,logzsol,m_ab_recon,,1.0,0.6281825287389395,,50000,17278
sps:dust2,dust2,x,0.0,0.0,0.35075666956852336,,50000,17278
sps:dust2,dust2,h0,0.14285714285714285,0.125,0.5858454055531397,,50000,17278
sps:dust2,dust2,h1_mid,0.2857142857142857,0.25,0.8067678290839981,,50000,17278
sps:dust2,dust2,h1,0.42857142857142855,0.375,0.8453412205428037,,50000,17278
sps:dust2,dust2,h2_mid,0.5714285714285714,0.5,0.9224953000123807,,50000,17278
sps:dust2,dust2,h2,0.7142857142857143,0.625,0.9638506422504641,,50000,17278
sps:dust2,dust2,z_head_hidden,0.8571428571428571,0.75,0.9513746107138307,,50000,17278
sps:dust2,dust2,z_out,1.0,,0.9310813581053339,,50000,17278
sps:dust2,dust2,mu_15,1.0,0.75,0.9987927991666644,,50000,17278
sps:dust2,dust2,log_spec,,0.875,0.9997030900760426,,50000,17278
sps:dust2,dust2,m_ab_recon,,1.0,0.7127717570010283,,50000,17278
sps:dust1_fraction,dust1_fraction,x,0.0,0.0,0.3569736502842785,,50000,17278
sps:dust1_fraction,dust1_fraction,h0,0.14285714285714285,0.125,0.6064601903746201,,50000,17278
sps:dust1_fraction,dust1_fraction,h1_mid,0.2857142857142857,0.25,0.8355451103681785,,50000,17278
sps:dust1_fraction,dust1_fraction,h1,0.42857142857142855,0.375,0.884593889565989,,50000,17278
sps:dust1_fraction,dust1_fraction,h2_mid,0.5714285714285714,0.5,0.937012833200877,,50000,17278
sps:dust1_fraction,dust1_fraction,h2,0.7142857142857143,0.625,0.9834501842794988,,50000,17278
sps:dust1_fraction,dust1_fraction,z_head_hidden,0.8571428571428571,0.75,0.7308150046768793,,50000,17278
sps:dust1_fraction,dust1_fraction,z_out,1.0,,0.6092972750012833,,50000,17278
sps:dust1_fraction,dust1_fraction,mu_15,1.0,0.75,0.9998907398005237,,50000,17278
sps:dust1_fraction,dust1_fraction,log_spec,,0.875,0.9929486689187597,,50000,17278
sps:dust1_fraction,dust1_fraction,m_ab_recon,,1.0,0.5804626841636367,,50000,17278
sps:dust_index,dust_index,x,0.0,0.0,0.44405162627791983,,50000,17278
sps:dust_index,dust_index,h0,0.14285714285714285,0.125,0.6062054276800339,,50000,17278
sps:dust_index,dust_index,h1_mid,0.2857142857142857,0.25,0.8418690985729576,,50000,17278
sps:dust_index,dust_index,h1,0.42857142857142855,0.375,0.8804039231978765,,50000,17278
sps:dust_index,dust_index,h2_mid,0.5714285714285714,0.5,0.9342166289086615,,50000,17278
sps:dust_index,dust_index,h2,0.7142857142857143,0.625,0.976880292936797,,50000,17278
sps:dust_index,dust_index,z_head_hidden,0.8571428571428571,0.75,0.9513996881946427,,50000,17278
sps:dust_index,dust_index,z_out,1.0,,0.9055858522564569,,50000,17278
sps:dust_index,dust_index,mu_15,1.0,0.75,0.9944017584603498,,50000,17278
sps:dust_index,dust_index,log_spec,,0.875,0.9999821397861298,,50000,17278
sps:dust_index,dust_index,m_ab_recon,,1.0,0.8143790095670738,,50000,17278
sps:gas_logz,gas_logz,x,0.0,0.0,0.19897589779186609,,50000,17278
sps:gas_logz,gas_logz,h0,0.14285714285714285,0.125,0.5841323637245615,,50000,17278
sps:gas_logz,gas_logz,h1_mid,0.2857142857142857,0.25,0.8241769286487008,,50000,17278
sps:gas_logz,gas_logz,h1,0.42857142857142855,0.375,0.8536956422094253,,50000,17278
sps:gas_logz,gas_logz,h2_mid,0.5714285714285714,0.5,0.9202319993750421,,50000,17278
sps:gas_logz,gas_logz,h2,0.7142857142857143,0.625,0.9687004747396784,,50000,17278
sps:gas_logz,gas_logz,z_head_hidden,0.8571428571428571,0.75,0.8694845868008501,,50000,17278
sps:gas_logz,gas_logz,z_out,1.0,,0.7551509528705332,,50000,17278
sps:gas_logz,gas_logz,mu_15,1.0,0.75,0.9992478000517396,,50000,17278
sps:gas_logz,gas_logz,log_spec,,0.875,0.9939352203888489,,50000,17278
sps:gas_logz,gas_logz,m_ab_recon,,1.0,0.48797616724989834,,50000,17278
sps:fagn,fagn,x,0.0,0.0,0.5561311224420096,,50000,17278
sps:fagn,fagn,h0,0.14285714285714285,0.125,0.6577212126723354,,50000,17278
sps:fagn,fagn,h1_mid,0.2857142857142857,0.25,0.8591494147775876,,50000,17278
sps:fagn,fagn,h1,0.42857142857142855,0.375,0.9140127148123418,,50000,17278
sps:fagn,fagn,h2_mid,0.5714285714285714,0.5,0.9396412096567545,,50000,17278
sps:fagn,fagn,h2,0.7142857142857143,0.625,0.9908298923784511,,50000,17278
sps:fagn,fagn,z_head_hidden,0.8571428571428571,0.75,0.7093660145859915,,50000,17278
sps:fagn,fagn,z_out,1.0,,0.3411448260095733,,50000,17278
sps:fagn,fagn,mu_15,1.0,0.75,0.99497953944383,,50000,17278
sps:fagn,fagn,log_spec,,0.875,0.9767912734510523,,50000,17278
sps:fagn,fagn,m_ab_recon,,1.0,0.620860671461995,,50000,17278
sps:agn_tau,agn_tau,x,0.0,0.0,0.18267264300152353,,50000,17278
sps:agn_tau,agn_tau,h0,0.14285714285714285,0.125,0.5617468899189391,,50000,17278
sps:agn_tau,agn_tau,h1_mid,0.2857142857142857,0.25,0.8390692610671828,,50000,17278
sps:agn_tau,agn_tau,h1,0.42857142857142855,0.375,0.8673576134013842,,50000,17278
sps:agn_tau,agn_tau,h2_mid,0.5714285714285714,0.5,0.9244995523789885,,50000,17278
sps:agn_tau,agn_tau,h2,0.7142857142857143,0.625,0.978841588466601,,50000,17278
sps:agn_tau,agn_tau,z_head_hidden,0.8571428571428571,0.75,0.7921043868972997,,50000,17278
sps:agn_tau,agn_tau,z_out,1.0,,0.6237347099005512,,50000,17278
sps:agn_tau,agn_tau,mu_15,1.0,0.75,0.9559775422296671,,50000,17278
sps:agn_tau,agn_tau,log_spec,,0.875,0.9172651141788608,,50000,17278
sps:agn_tau,agn_tau,m_ab_recon,,1.0,0.40081673280576036,,50000,17278
sps:igm_scale,igm_scale,x,0.0,0.0,0.23638432581176305,,50000,17278
sps:igm_scale,igm_scale,h0,0.14285714285714285,0.125,0.5442254794660469,,50000,17278
sps:igm_scale,igm_scale,h1_mid,0.2857142857142857,0.25,0.7961310654581413,,50000,17278
sps:igm_scale,igm_scale,h1,0.42857142857142855,0.375,0.847826420268088,,50000,17278
sps:igm_scale,igm_scale,h2_mid,0.5714285714285714,0.5,0.9285979455319147,,50000,17278
sps:igm_scale,igm_scale,h2,0.7142857142857143,0.625,0.9720007209558376,,50000,17278
sps:igm_scale,igm_scale,z_head_hidden,0.8571428571428571,0.75,0.8711930099965581,,50000,17278
sps:igm_scale,igm_scale,z_out,1.0,,0.7716461838734162,,50000,17278
sps:igm_scale,igm_scale,mu_15,1.0,0.75,0.9998400294707024,,50000,17278
sps:igm_scale,igm_scale,log_spec,,0.875,0.9431606451650368,,50000,17278
sps:igm_scale,igm_scale,m_ab_recon,,1.0,0.5910520937711146,,50000,17278
sps:logsfr_ratios_0,logsfr_ratios_0,x,0.0,0.0,0.36381892663481363,,50000,17278
sps:logsfr_ratios_0,logsfr_ratios_0,h0,0.14285714285714285,0.125,0.5887457177624582,,50000,17278
sps:logsfr_ratios_0,logsfr_ratios_0,h1_mid,0.2857142857142857,0.25,0.8055508954918734,,50000,17278
sps:logsfr_ratios_0,logsfr_ratios_0,h1,0.42857142857142855,0.375,0.8416152007732164,,50000,17278
sps:logsfr_ratios_0,logsfr_ratios_0,h2_mid,0.5714285714285714,0.5,0.9080649021220393,,50000,17278
sps:logsfr_ratios_0,logsfr_ratios_0,h2,0.7142857142857143,0.625,0.9655998478046519,,50000,17278
sps:logsfr_ratios_0,logsfr_ratios_0,z_head_hidden,0.8571428571428571,0.75,0.7752529847825218,,50000,17278
sps:logsfr_ratios_0,logsfr_ratios_0,z_out,1.0,,0.7067103029015067,,50000,17278
sps:logsfr_ratios_0,logsfr_ratios_0,mu_15,1.0,0.75,0.9999488906448917,,50000,17278
sps:logsfr_ratios_0,logsfr_ratios_0,log_spec,,0.875,0.9995868088415903,,50000,17278
sps:logsfr_ratios_0,logsfr_ratios_0,m_ab_recon,,1.0,0.6259336361379306,,50000,17278
sps:logsfr_ratios_1,logsfr_ratios_1,x,0.0,0.0,0.48425558886185427,,50000,17278
sps:logsfr_ratios_1,logsfr_ratios_1,h0,0.14285714285714285,0.125,0.6445058385213049,,50000,17278
sps:logsfr_ratios_1,logsfr_ratios_1,h1_mid,0.2857142857142857,0.25,0.8410057721113651,,50000,17278
sps:logsfr_ratios_1,logsfr_ratios_1,h1,0.42857142857142855,0.375,0.8720320961866169,,50000,17278
sps:logsfr_ratios_1,logsfr_ratios_1,h2_mid,0.5714285714285714,0.5,0.9312342468734007,,50000,17278
sps:logsfr_ratios_1,logsfr_ratios_1,h2,0.7142857142857143,0.625,0.973435622183041,,50000,17278
sps:logsfr_ratios_1,logsfr_ratios_1,z_head_hidden,0.8571428571428571,0.75,0.9686288580962001,,50000,17278
sps:logsfr_ratios_1,logsfr_ratios_1,z_out,1.0,,0.9453600484480152,,50000,17278
sps:logsfr_ratios_1,logsfr_ratios_1,mu_15,1.0,0.75,0.9844376322157516,,50000,17278
sps:logsfr_ratios_1,logsfr_ratios_1,log_spec,,0.875,0.9982411734996899,,50000,17278
sps:logsfr_ratios_1,logsfr_ratios_1,m_ab_recon,,1.0,0.8019255360347327,,50000,17278
sps:logsfr_ratios_2,logsfr_ratios_2,x,0.0,0.0,0.4719795513291043,,50000,17278
sps:logsfr_ratios_2,logsfr_ratios_2,h0,0.14285714285714285,0.125,0.6264044171351268,,50000,17278
sps:logsfr_ratios_2,logsfr_ratios_2,h1_mid,0.2857142857142857,0.25,0.8146851870730368,,50000,17278
sps:logsfr_ratios_2,logsfr_ratios_2,h1,0.42857142857142855,0.375,0.8332470951045321,,50000,17278
sps:logsfr_ratios_2,logsfr_ratios_2,h2_mid,0.5714285714285714,0.5,0.9112214323741047,,50000,17278
sps:logsfr_ratios_2,logsfr_ratios_2,h2,0.7142857142857143,0.625,0.96168890331597,,50000,17278
sps:logsfr_ratios_2,logsfr_ratios_2,z_head_hidden,0.8571428571428571,0.75,0.9398073163919387,,50000,17278
sps:logsfr_ratios_2,logsfr_ratios_2,z_out,1.0,,0.9174446428122845,,50000,17278
sps:logsfr_ratios_2,logsfr_ratios_2,mu_15,1.0,0.75,0.9953090531103072,,50000,17278
sps:logsfr_ratios_2,logsfr_ratios_2,log_spec,,0.875,0.9867145958332717,,50000,17278
sps:logsfr_ratios_2,logsfr_ratios_2,m_ab_recon,,1.0,0.7443833078503781,,50000,17278
sps:logsfr_ratios_3,logsfr_ratios_3,x,0.0,0.0,0.29012414615979165,,50000,17278
sps:logsfr_ratios_3,logsfr_ratios_3,h0,0.14285714285714285,0.125,0.4836247184741982,,50000,17278
sps:logsfr_ratios_3,logsfr_ratios_3,h1_mid,0.2857142857142857,0.25,0.7502331514490264,,50000,17278
sps:logsfr_ratios_3,logsfr_ratios_3,h1,0.42857142857142855,0.375,0.7903126033285652,,50000,17278
sps:logsfr_ratios_3,logsfr_ratios_3,h2_mid,0.5714285714285714,0.5,0.8811186566235919,,50000,17278
sps:logsfr_ratios_3,logsfr_ratios_3,h2,0.7142857142857143,0.625,0.9445246189515873,,50000,17278
sps:logsfr_ratios_3,logsfr_ratios_3,z_head_hidden,0.8571428571428571,0.75,0.9414871008428372,,50000,17278
sps:logsfr_ratios_3,logsfr_ratios_3,z_out,1.0,,0.9209515111635449,,50000,17278
sps:logsfr_ratios_3,logsfr_ratios_3,mu_15,1.0,0.75,0.9938961488481898,,50000,17278
sps:logsfr_ratios_3,logsfr_ratios_3,log_spec,,0.875,0.991090126972367,,50000,17278
sps:logsfr_ratios_3,logsfr_ratios_3,m_ab_recon,,1.0,0.6852306594161459,,50000,17278
sps:logsfr_ratios_4,logsfr_ratios_4,x,0.0,0.0,0.33403960395471155,,50000,17278
sps:logsfr_ratios_4,logsfr_ratios_4,h0,0.14285714285714285,0.125,0.5480592611790509,,50000,17278
sps:logsfr_ratios_4,logsfr_ratios_4,h1_mid,0.2857142857142857,0.25,0.8098999874074562,,50000,17278
sps:logsfr_ratios_4,logsfr_ratios_4,h1,0.42857142857142855,0.375,0.8585860147410126,,50000,17278
sps:logsfr_ratios_4,logsfr_ratios_4,h2_mid,0.5714285714285714,0.5,0.9320312185774131,,50000,17278
sps:logsfr_ratios_4,logsfr_ratios_4,h2,0.7142857142857143,0.625,0.9790111284553766,,50000,17278
sps:logsfr_ratios_4,logsfr_ratios_4,z_head_hidden,0.8571428571428571,0.75,0.8893829326737601,,50000,17278
sps:logsfr_ratios_4,logsfr_ratios_4,z_out,1.0,,0.8739196118613943,,50000,17278
sps:logsfr_ratios_4,logsfr_ratios_4,mu_15,1.0,0.75,0.9998917708777278,,50000,17278
sps:logsfr_ratios_4,logsfr_ratios_4,log_spec,,0.875,0.9837886010513416,,50000,17278
sps:logsfr_ratios_4,logsfr_ratios_4,m_ab_recon,,1.0,0.6878832443718415,,50000,17278
sps:logsfr_ratios_5,logsfr_ratios_5,x,0.0,0.0,0.319816336920683,,50000,17278
sps:logsfr_ratios_5,logsfr_ratios_5,h0,0.14285714285714285,0.125,0.5401378722649175,,50000,17278
sps:logsfr_ratios_5,logsfr_ratios_5,h1_mid,0.2857142857142857,0.25,0.770604549005406,,50000,17278
sps:logsfr_ratios_5,logsfr_ratios_5,h1,0.42857142857142855,0.375,0.7975206773929677,,50000,17278
sps:logsfr_ratios_5,logsfr_ratios_5,h2_mid,0.5714285714285714,0.5,0.8915866302094436,,50000,17278
sps:logsfr_ratios_5,logsfr_ratios_5,h2,0.7142857142857143,0.625,0.9489573350738274,,50000,17278
sps:logsfr_ratios_5,logsfr_ratios_5,z_head_hidden,0.8571428571428571,0.75,0.9234405767517665,,50000,17278
sps:logsfr_ratios_5,logsfr_ratios_5,z_out,1.0,,0.9266750500876764,,50000,17278
sps:logsfr_ratios_5,logsfr_ratios_5,mu_15,1.0,0.75,0.9996699318130442,,50000,17278
sps:logsfr_ratios_5,logsfr_ratios_5,log_spec,,0.875,0.9837251427549041,,50000,17278
sps:logsfr_ratios_5,logsfr_ratios_5,m_ab_recon,,1.0,0.7574086019457061,,50000,17278
